x1,y1,z1,phix1,phiy1,phiz1,arm_1_joint,arm_2_joint,arm_3_joint,arm_4_joint,arm_5_joint,arm_6_joint,arm_7_joint,head_1_joint,head_2_joint,
-0.253973,0.151013,0.754584,2.90821,0.53819,-0.65406,2.37755,-1.10117,-3.19325,0.897363,-1.9637,1.1112,-0.486196,0.639761,-0.481564,
0.167656,-0.112661,0.942691,2.35322,-0.0492909,-0.423089,0.469573,-0.300552,0.492331,0.227118,1.31544,0.942485,0.562883,-0.790153,-0.695053,
0.0957035,-0.00660876,0.721367,2.80371,-0.189285,-0.439429,0.886751,-0.772944,-1.07362,1.38509,-0.801127,0.800613,-0.00460123,0.69966,-0.879359,
0.168645,-0.0616136,0.742487,2.15544,0.489183,-0.604706,0.899021,-0.702392,-3.28221,1.49552,-0.649287,-0.46319,-1.47316,-0.446114,-0.326439,
0.291635,0.0470619,0.923024,2.19743,0.0281975,-0.316584,1.14902,-0.338895,-2.63344,-0.00907853,-1.90542,0.81135,0.626534,0.0945197,-0.486172,
-0.125628,-0.00847878,0.520635,2.76187,0.210112,-0.694165,0.888285,0.90497,-0.509202,0.0798785,0.551634,1.05445,-0.0966258,-0.5782,0.619669,
0.0527296,0.0113793,0.533745,2.65877,0.0415521,-0.338789,0.98491,0.434111,-3.25,0.650431,-1.9637,0.710123,0.40184,-0.372391,0.613525,
0.221986,0.0218175,0.888277,2.47115,0.0598112,-0.757264,1.10454,-0.736134,0.680982,-0.19006,0.892125,1.22699,0.386503,0.295721,-0.825603,
0.108413,-0.0975001,0.771161,2.70526,-0.174137,-0.533884,0.937364,-0.0720239,-0.553681,1.26546,0.171266,1.22929,-0.071319,0.178994,-0.822531,
