x1,y1,z1,phix1,phiy1,phiz1,arm_1_joint,arm_2_joint,arm_3_joint,arm_4_joint,arm_5_joint,arm_6_joint,arm_7_joint,head_1_joint,head_2_joint,
-0.0945896,-0.077796,0.43642,2.1476,-0.0827858,0.0613312,2.66896,0.286872,-2.91445,2.18596,-1.71423,-1.21319,1.92411,1.23261,0.639636,
-0.074462,0.0446841,0.5977,2.89241,0.744926,-0.211567,0.872947,-0.325091,-3.29482,0.825532,-1.78939,1.15337,0.809081,-0.796296,0.21573,
0.0563753,0.0526563,0.605795,2.14536,-0.312246,-3.08352,1.41743,1.02153,1.31715,1.54486,1.97135,-1.20245,-1.77374,-0.977531,-0.748809,
0.348343,0.154934,0.728595,2.51193,-0.491784,0.252339,0.540125,-1.0981,-3.24574,1.01112,0.906932,-1.12883,-0.163312,-0.401573,-0.312616,
0.0790318,-0.0374526,0.689903,2.42086,-0.122762,0.117994,1.91129,-1.34196,1.01193,2.05406,-0.330798,-0.866564,0.506934,-0.977531,-0.782598,
0.0102735,-0.13445,0.980972,2.35004,-0.276818,-0.0495173,0.423561,0.122761,-0.136842,1.17829,1.06797,1.27914,1.80141,-0.88077,-0.639761,
-0.174471,-0.0340577,0.797675,2.04143,-0.119688,0.0460779,0.98491,0.825215,-3.33316,0.100072,1.60939,-0.17638,-1.94245,-0.830086,0.556698,
0.0696501,0.122249,0.980904,1.9744,0.0895809,-0.0794066,0.399021,0.590553,0.0686797,1.0924,-1.56086,-0.911043,-1.62804,-1.11115,-0.076089,
-0.106938,-0.0707746,0.657399,2.18614,-0.0301759,0.200635,0.928162,0.694847,-2.17212,1.17369,1.01123,1.01227,0.146504,-0.329386,0.5782,
